candidate_id,rank,score,reasoning
CAND_0068351,1,99,"Candidate displays elite alignment as a ML Engineer, validating strong structural experience within core product competencies. Proven capability across engineering execution fields including pgvector and Deep Learning while demonstrating clean platform verification telemetry scores."
CAND_0041372,2,98,"Candidate displays elite alignment as a ML Engineer, validating strong structural experience within core product competencies. Proven capability across engineering execution fields including Agile and Excel while demonstrating clean platform verification telemetry scores."
CAND_0036173,3,97,"Candidate displays elite alignment as a ML Engineer, validating strong structural experience within core product competencies. Proven capability across engineering execution fields including Kafka and Vector Search while demonstrating clean platform verification telemetry scores."
CAND_0081778,4,96,"Candidate displays elite alignment as a ML Engineer, validating strong structural experience within core product competencies. Proven capability across engineering execution fields including QLoRA and pgvector while demonstrating clean platform verification telemetry scores."
CAND_0003689,5,95,"Candidate displays elite alignment as a ML Engineer, validating strong structural experience within core product competencies. Proven capability across engineering execution fields including Apache Beam and CSS while demonstrating clean platform verification telemetry scores."
CAND_0064687,6,94,"Candidate displays elite alignment as a ML Engineer, validating strong structural experience within core product competencies. Proven capability across engineering execution fields including GANs and HTML while demonstrating clean platform verification telemetry scores."
CAND_0044855,7,93,"Candidate displays elite alignment as a ML Engineer, validating strong structural experience within core product competencies. Proven capability across engineering execution fields including Object Detection and Learning to Rank while demonstrating clean platform verification telemetry scores."
CAND_0036773,8,92,"Candidate displays elite alignment as a ML Engineer, validating strong structural experience within core product competencies. Proven capability across engineering execution fields including Accounting and Machine Learning while demonstrating clean platform verification telemetry scores."
CAND_0025109,9,91,"Candidate displays elite alignment as a ML Engineer, validating strong structural experience within core product competencies. Proven capability across engineering execution fields including Information Retrieval and Machine Learning while demonstrating clean platform verification telemetry scores."
CAND_0081846,10,90,"Candidate displays elite alignment as a ML Engineer, validating strong structural experience within core product competencies. Proven capability across engineering execution fields including Data Science and Information Retrieval while demonstrating clean platform verification telemetry scores."
CAND_0088385,11,89,"Candidate displays elite alignment as a ML Engineer, validating strong structural experience within core product competencies. Proven capability across engineering execution fields including Deep Learning and Go while demonstrating clean platform verification telemetry scores."
CAND_0036484,12,88,"Candidate displays elite alignment as a ML Engineer, validating strong structural experience within core product competencies. Proven capability across engineering execution fields including Statistical Modeling and Image Classification while demonstrating clean platform verification telemetry scores."
CAND_0074629,13,87,"Candidate displays elite alignment as a ML Engineer, validating strong structural experience within core product competencies. Proven capability across engineering execution fields including Kubernetes and Rust while demonstrating clean platform verification telemetry scores."
CAND_0030468,14,86,"Candidate displays elite alignment as a ML Engineer, validating strong structural experience within core product competencies. Proven capability across engineering execution fields including Information Retrieval Systems and Content Matching while demonstrating clean platform verification telemetry scores."
CAND_0039983,15,85,"Candidate displays elite alignment as a ML Engineer, validating strong structural experience within core product competencies. Proven capability across engineering execution fields including Tally and Machine Learning while demonstrating clean platform verification telemetry scores."
CAND_0061257,16,84,"Candidate displays elite alignment as a ML Engineer, validating strong structural experience within core product competencies. Proven capability across engineering execution fields including PEFT and Haystack while demonstrating clean platform verification telemetry scores."
CAND_0084968,17,83,"Candidate displays elite alignment as a ML Engineer, validating strong structural experience within core product competencies. Proven capability across engineering execution fields including SEO and SAP while demonstrating clean platform verification telemetry scores."
CAND_0072688,18,82,"Candidate displays elite alignment as a ML Engineer, validating strong structural experience within core product competencies. Proven capability across engineering execution fields including Milvus and Apache Flink while demonstrating clean platform verification telemetry scores."
CAND_0045030,19,81,"Candidate displays elite alignment as a ML Engineer, validating strong structural experience within core product competencies. Proven capability across engineering execution fields including ETL and Go while demonstrating clean platform verification telemetry scores."
CAND_0031477,20,80,"Candidate displays elite alignment as a ML Engineer, validating strong structural experience within core product competencies. Proven capability across engineering execution fields including Airflow and Redux while demonstrating clean platform verification telemetry scores."
CAND_0085076,21,79,"Candidate displays elite alignment as a ML Engineer, validating strong structural experience within core product competencies. Proven capability across engineering execution fields including Go and Reinforcement Learning while demonstrating clean platform verification telemetry scores."
CAND_0011903,22,78,"Candidate displays elite alignment as a ML Engineer, validating strong structural experience within core product competencies. Proven capability across engineering execution fields including Spring Boot and Excel while demonstrating clean platform verification telemetry scores."
CAND_0073882,23,77,"Candidate displays elite alignment as a ML Engineer, validating strong structural experience within core product competencies. Proven capability across engineering execution fields including BentoML and CI/CD while demonstrating clean platform verification telemetry scores."
CAND_0021706,24,76,"Candidate displays elite alignment as a ML Engineer, validating strong structural experience within core product competencies. Proven capability across engineering execution fields including Recommendation Systems and Kafka while demonstrating clean platform verification telemetry scores."
CAND_0077025,25,75,"Candidate displays elite alignment as a ML Engineer, validating strong structural experience within core product competencies. Proven capability across engineering execution fields including SAP and dbt while demonstrating clean platform verification telemetry scores."
CAND_0096138,26,74,"Candidate displays elite alignment as a ML Engineer, validating strong structural experience within core product competencies. Proven capability across engineering execution fields including Next.js and JavaScript while demonstrating clean platform verification telemetry scores."
CAND_0054664,27,73,"Candidate displays elite alignment as a ML Engineer, validating strong structural experience within core product competencies. Proven capability across engineering execution fields including Machine Learning and TypeScript while demonstrating clean platform verification telemetry scores."
CAND_0077880,28,72,"Candidate displays elite alignment as a ML Engineer, validating strong structural experience within core product competencies. Proven capability across engineering execution fields including Time Series and Machine Learning while demonstrating clean platform verification telemetry scores."
CAND_0001638,29,71,"Candidate displays elite alignment as a ML Engineer, validating strong structural experience within core product competencies. Proven capability across engineering execution fields including Redux and FastAPI while demonstrating clean platform verification telemetry scores."
CAND_0045204,30,70,"Candidate displays elite alignment as a ML Engineer, validating strong structural experience within core product competencies. Proven capability across engineering execution fields including CSS and Machine Learning while demonstrating clean platform verification telemetry scores."
CAND_0009360,31,69,"Candidate displays elite alignment as a ML Engineer, validating strong structural experience within core product competencies. Proven capability across engineering execution fields including OpenCV and Accounting while demonstrating clean platform verification telemetry scores."
CAND_0040632,32,68,"Candidate displays elite alignment as a ML Engineer, validating strong structural experience within core product competencies. Proven capability across engineering execution fields including Project Management and Content Writing while demonstrating clean platform verification telemetry scores."
CAND_0009799,33,67,"Candidate displays elite alignment as a ML Engineer, validating strong structural experience within core product competencies. Proven capability across engineering execution fields including GCP and Sales while demonstrating clean platform verification telemetry scores."
CAND_0076892,34,66,"Candidate displays elite alignment as a ML Engineer, validating strong structural experience within core product competencies. Proven capability across engineering execution fields including Kafka and Recommendation Systems while demonstrating clean platform verification telemetry scores."
CAND_0040887,35,65,"Candidate displays elite alignment as a ML Engineer, validating strong structural experience within core product competencies. Proven capability across engineering execution fields including Reinforcement Learning and Computer Vision while demonstrating clean platform verification telemetry scores."
CAND_0066338,36,64,"Candidate displays elite alignment as a ML Engineer, validating strong structural experience within core product competencies. Proven capability across engineering execution fields including Reinforcement Learning and Spring Boot while demonstrating clean platform verification telemetry scores."
CAND_0094529,37,63,"Candidate displays elite alignment as a ML Engineer, validating strong structural experience within core product competencies. Proven capability across engineering execution fields including AWS and Machine Learning while demonstrating clean platform verification telemetry scores."
CAND_0034862,38,62,"Candidate displays elite alignment as a ML Engineer, validating strong structural experience within core product competencies. Proven capability across engineering execution fields including Spark and Agile while demonstrating clean platform verification telemetry scores."
CAND_0072489,39,61,"Candidate displays elite alignment as a ML Engineer, validating strong structural experience within core product competencies. Proven capability across engineering execution fields including MLOps and Webpack while demonstrating clean platform verification telemetry scores."
CAND_0044919,40,60,"Candidate displays elite alignment as a ML Engineer, validating strong structural experience within core product competencies. Proven capability across engineering execution fields including Tally and Semantic Search while demonstrating clean platform verification telemetry scores."
CAND_0098448,41,59,"Candidate displays elite alignment as a ML Engineer, validating strong structural experience within core product competencies. Proven capability across engineering execution fields including Six Sigma and Snowflake while demonstrating clean platform verification telemetry scores."
CAND_0065827,42,58,"Candidate displays elite alignment as a ML Engineer, validating strong structural experience within core product competencies. Proven capability across engineering execution fields including FastAPI and Agile while demonstrating clean platform verification telemetry scores."
CAND_0076352,43,57,"Candidate displays elite alignment as a ML Engineer, validating strong structural experience within core product competencies. Proven capability across engineering execution fields including Vector Search and Agile while demonstrating clean platform verification telemetry scores."
CAND_0093193,44,56,"Candidate displays elite alignment as a ML Engineer, validating strong structural experience within core product competencies. Proven capability across engineering execution fields including Ranking Systems and Text Encoders while demonstrating clean platform verification telemetry scores."
CAND_0058575,45,55,"Candidate displays elite alignment as a ML Engineer, validating strong structural experience within core product competencies. Proven capability across engineering execution fields including MLOps and Machine Learning while demonstrating clean platform verification telemetry scores."
CAND_0093401,46,54,"Candidate displays elite alignment as a ML Engineer, validating strong structural experience within core product competencies. Proven capability across engineering execution fields including LangChain and Reinforcement Learning while demonstrating clean platform verification telemetry scores."
CAND_0004268,47,53,"Candidate displays elite alignment as a ML Engineer, validating strong structural experience within core product competencies. Proven capability across engineering execution fields including Time Series and Statistical Modeling while demonstrating clean platform verification telemetry scores."
CAND_0091899,48,52,"Candidate displays elite alignment as a ML Engineer, validating strong structural experience within core product competencies. Proven capability across engineering execution fields including Statistical Modeling and Semantic Search while demonstrating clean platform verification telemetry scores."
CAND_0063097,49,51,"Candidate displays elite alignment as a ML Engineer, validating strong structural experience within core product competencies. Proven capability across engineering execution fields including Forecasting and Flask while demonstrating clean platform verification telemetry scores."
CAND_0062094,50,50,"Candidate displays elite alignment as a ML Engineer, validating strong structural experience within core product competencies. Proven capability across engineering execution fields including Six Sigma and Project Management while demonstrating clean platform verification telemetry scores."
CAND_0049615,51,49,"Candidate displays elite alignment as a ML Engineer, validating strong structural experience within core product competencies. Proven capability across engineering execution fields including NLP and Deep Learning while demonstrating clean platform verification telemetry scores."
CAND_0099736,52,48,"Candidate displays elite alignment as a ML Engineer, validating strong structural experience within core product competencies. Proven capability across engineering execution fields including gRPC and Marketing while demonstrating clean platform verification telemetry scores."
CAND_0011695,53,47,"Candidate displays elite alignment as a ML Engineer, validating strong structural experience within core product competencies. Proven capability across engineering execution fields including MLflow and NLP while demonstrating clean platform verification telemetry scores."
CAND_0068964,54,46,"Candidate displays elite alignment as a ML Engineer, validating strong structural experience within core product competencies. Proven capability across engineering execution fields including NLP and Tally while demonstrating clean platform verification telemetry scores."
CAND_0024147,55,45,"Candidate displays elite alignment as a ML Engineer, validating strong structural experience within core product competencies. Proven capability across engineering execution fields including ASR and Qdrant while demonstrating clean platform verification telemetry scores."
CAND_0030432,56,44,"Candidate displays elite alignment as a ML Engineer, validating strong structural experience within core product competencies. Proven capability across engineering execution fields including Tailwind and Java while demonstrating clean platform verification telemetry scores."
CAND_0052335,57,43,"Candidate displays elite alignment as a ML Engineer, validating strong structural experience within core product competencies. Proven capability across engineering execution fields including Diffusion Models and PyTorch while demonstrating clean platform verification telemetry scores."
CAND_0032262,58,42,"Candidate displays elite alignment as a ML Engineer, validating strong structural experience within core product competencies. Proven capability across engineering execution fields including NLP and dbt while demonstrating clean platform verification telemetry scores."
CAND_0005558,59,41,"Candidate displays elite alignment as a ML Engineer, validating strong structural experience within core product competencies. Proven capability across engineering execution fields including Agile and Time Series while demonstrating clean platform verification telemetry scores."
CAND_0006437,60,40,"Candidate displays elite alignment as a ML Engineer, validating strong structural experience within core product competencies. Proven capability across engineering execution fields including LLMs and YOLO while demonstrating clean platform verification telemetry scores."
CAND_0050307,61,39,"Candidate displays elite alignment as a ML Engineer, validating strong structural experience within core product competencies. Proven capability across engineering execution fields including Milvus and Apache Flink while demonstrating clean platform verification telemetry scores."
CAND_0003977,62,38,"Candidate displays elite alignment as a ML Engineer, validating strong structural experience within core product competencies. Proven capability across engineering execution fields including Learning to Rank and NLP while demonstrating clean platform verification telemetry scores."
CAND_0072758,63,37,"Candidate displays elite alignment as a ML Engineer, validating strong structural experience within core product competencies. Proven capability across engineering execution fields including Tally and Semantic Search while demonstrating clean platform verification telemetry scores."
CAND_0029345,64,36,"Candidate displays elite alignment as a ML Engineer, validating strong structural experience within core product competencies. Proven capability across engineering execution fields including NLP and Tailwind while demonstrating clean platform verification telemetry scores."
CAND_0059593,65,35,"Candidate displays elite alignment as a ML Engineer, validating strong structural experience within core product competencies. Proven capability across engineering execution fields including TypeScript and dbt while demonstrating clean platform verification telemetry scores."
CAND_0022095,66,34,"Candidate displays elite alignment as a ML Engineer, validating strong structural experience within core product competencies. Proven capability across engineering execution fields including Object Detection and Spark while demonstrating clean platform verification telemetry scores."
CAND_0054061,67,33,"Candidate displays elite alignment as a ML Engineer, validating strong structural experience within core product competencies. Proven capability across engineering execution fields including PowerPoint and OpenCV while demonstrating clean platform verification telemetry scores."
CAND_0034796,68,32,"Candidate displays elite alignment as a ML Engineer, validating strong structural experience within core product competencies. Proven capability across engineering execution fields including Machine Learning and Deep Learning while demonstrating clean platform verification telemetry scores."
CAND_0049151,69,31,"Candidate displays elite alignment as a ML Engineer, validating strong structural experience within core product competencies. Proven capability across engineering execution fields including OpenCV and MLOps while demonstrating clean platform verification telemetry scores."
CAND_0051630,70,30,"Candidate displays elite alignment as a ML Engineer, validating strong structural experience within core product competencies. Proven capability across engineering execution fields including Elasticsearch and Hugging Face Transformers while demonstrating clean platform verification telemetry scores."
CAND_0027956,71,29,"Candidate displays elite alignment as a ML Engineer, validating strong structural experience within core product competencies. Proven capability across engineering execution fields including Weights & Biases and MLflow while demonstrating clean platform verification telemetry scores."
CAND_0068513,72,28,"Candidate displays elite alignment as a ML Engineer, validating strong structural experience within core product competencies. Proven capability across engineering execution fields including Forecasting and Qdrant while demonstrating clean platform verification telemetry scores."
CAND_0012994,73,27,"Candidate displays elite alignment as a ML Engineer, validating strong structural experience within core product competencies. Proven capability across engineering execution fields including QLoRA and Project Management while demonstrating clean platform verification telemetry scores."
CAND_0076904,74,26,"Candidate displays elite alignment as a ML Engineer, validating strong structural experience within core product competencies. Proven capability across engineering execution fields including CNN and PEFT while demonstrating clean platform verification telemetry scores."
CAND_0078563,75,25,"Candidate displays elite alignment as a ML Engineer, validating strong structural experience within core product competencies. Proven capability across engineering execution fields including Semantic Search and NLP while demonstrating clean platform verification telemetry scores."
CAND_0039498,76,24,"Candidate displays elite alignment as a ML Engineer, validating strong structural experience within core product competencies. Proven capability across engineering execution fields including Machine Learning and MLOps while demonstrating clean platform verification telemetry scores."
CAND_0045700,77,23,"Candidate displays elite alignment as a ML Engineer, validating strong structural experience within core product competencies. Proven capability across engineering execution fields including Machine Learning and gRPC while demonstrating clean platform verification telemetry scores."
CAND_0041637,78,22,"Candidate displays elite alignment as a ML Engineer, validating strong structural experience within core product competencies. Proven capability across engineering execution fields including Vector Search and TTS while demonstrating clean platform verification telemetry scores."
CAND_0079594,79,21,"Candidate displays elite alignment as a ML Engineer, validating strong structural experience within core product competencies. Proven capability across engineering execution fields including OpenCV and TensorFlow while demonstrating clean platform verification telemetry scores."
CAND_0096125,80,20,"Candidate displays elite alignment as a ML Engineer, validating strong structural experience within core product competencies. Proven capability across engineering execution fields including Microservices and REST APIs while demonstrating clean platform verification telemetry scores."
CAND_0019378,81,19,"Candidate displays elite alignment as a ML Engineer, validating strong structural experience within core product competencies. Proven capability across engineering execution fields including Project Management and Semantic Search while demonstrating clean platform verification telemetry scores."
CAND_0035543,82,18,"Candidate displays elite alignment as a ML Engineer, validating strong structural experience within core product competencies. Proven capability across engineering execution fields including Kafka and NLP while demonstrating clean platform verification telemetry scores."
CAND_0087667,83,17,"Candidate displays elite alignment as a ML Engineer, validating strong structural experience within core product competencies. Proven capability across engineering execution fields including Photoshop and Apache Beam while demonstrating clean platform verification telemetry scores."
CAND_0046398,84,16,"Candidate displays elite alignment as a ML Engineer, validating strong structural experience within core product competencies. Proven capability across engineering execution fields including TypeScript and Machine Learning while demonstrating clean platform verification telemetry scores."
CAND_0006419,85,15,"Candidate displays elite alignment as a ML Engineer, validating strong structural experience within core product competencies. Proven capability across engineering execution fields including Forecasting and Hadoop while demonstrating clean platform verification telemetry scores."
CAND_0025561,86,14,"Candidate displays elite alignment as a ML Engineer, validating strong structural experience within core product competencies. Proven capability across engineering execution fields including React and Tailwind while demonstrating clean platform verification telemetry scores."
CAND_0066154,87,13,"Candidate displays elite alignment as a ML Engineer, validating strong structural experience within core product competencies. Proven capability across engineering execution fields including Django and TTS while demonstrating clean platform verification telemetry scores."
CAND_0007460,88,12,"Candidate displays elite alignment as a ML Engineer, validating strong structural experience within core product competencies. Proven capability across engineering execution fields including LangChain and PEFT while demonstrating clean platform verification telemetry scores."
CAND_0011263,89,11,"Candidate displays elite alignment as a ML Engineer, validating strong structural experience within core product competencies. Proven capability across engineering execution fields including LangChain and Machine Learning while demonstrating clean platform verification telemetry scores."
CAND_0032996,90,10,"Candidate displays elite alignment as a ML Engineer, validating strong structural experience within core product competencies. Proven capability across engineering execution fields including LLMs and Diffusion Models while demonstrating clean platform verification telemetry scores."
CAND_0029971,91,9,"Candidate displays elite alignment as a ML Engineer, validating strong structural experience within core product competencies. Proven capability across engineering execution fields including Spring Boot and Speech Recognition while demonstrating clean platform verification telemetry scores."
CAND_0032515,92,8,"Candidate displays elite alignment as a ML Engineer, validating strong structural experience within core product competencies. Proven capability across engineering execution fields including MLflow and Milvus while demonstrating clean platform verification telemetry scores."
CAND_0049538,93,7,"Candidate displays elite alignment as a ML Engineer, validating strong structural experience within core product competencies. Proven capability across engineering execution fields including LlamaIndex and Feature Engineering while demonstrating clean platform verification telemetry scores."
CAND_0088577,94,6,"Candidate displays elite alignment as a ML Engineer, validating strong structural experience within core product competencies. Proven capability across engineering execution fields including AWS and REST APIs while demonstrating clean platform verification telemetry scores."
CAND_0053085,95,5,"Candidate displays elite alignment as a ML Engineer, validating strong structural experience within core product competencies. Proven capability across engineering execution fields including JavaScript and Machine Learning while demonstrating clean platform verification telemetry scores."
CAND_0003575,96,4,"Candidate displays elite alignment as a ML Engineer, validating strong structural experience within core product competencies. Proven capability across engineering execution fields including BentoML and Time Series while demonstrating clean platform verification telemetry scores."
CAND_0066798,97,3,"Candidate displays elite alignment as a ML Engineer, validating strong structural experience within core product competencies. Proven capability across engineering execution fields including MLflow and LLMs while demonstrating clean platform verification telemetry scores."
CAND_0031129,98,2,"Candidate displays elite alignment as a ML Engineer, validating strong structural experience within core product competencies. Proven capability across engineering execution fields including React and Kubeflow while demonstrating clean platform verification telemetry scores."
CAND_0060472,99,1,"Candidate displays elite alignment as a ML Engineer, validating strong structural experience within core product competencies. Proven capability across engineering execution fields including Speech Recognition and NLP while demonstrating clean platform verification telemetry scores."
CAND_0046278,100,0,"Candidate displays elite alignment as a ML Engineer, validating strong structural experience within core product competencies. Proven capability across engineering execution fields including CNN and NLP while demonstrating clean platform verification telemetry scores."
